<?xml version="1.0" encoding="UTF-8"?>
<!DOCTYPE struts PUBLIC
    "-//Apache Software Foundation//DTD Struts Configuration 2.5//EN"
    "http://struts.apache.org/dtds/struts-2.5.dtd">

<struts>
	<constant name="struts.convention.package.locators" value="controller"/>
	<constant name="struts.enable.DynamicMethodInvocation" value="true"></constant>
	<constant name="struts.objectFactory" value="spring"></constant>
	<!-- 配置为开发模式 -->
	<constant name="struts.devMode" value="true"></constant>
	<!-- 配置信息 -->
	<include file="struts-*.xml"/>
</struts>